comparison_rank,label,insect_name,train_support,train_precision,train_recall,train_f1_score,train_error_rate,val_support,val_precision,val_recall,val_f1_score,val_error_rate,test_support,test_precision,test_recall,test_f1_score,test_error_rate,train_val_f1_gap,train_val_recall_gap,train_test_f1_gap,val_test_f1_difference
1,63,Polyphagotars onemus latus,50,1.000000,0.880000,0.936170,0.120000,8,0.000000,0.000000,0.000000,1.000000,26,0.666667,0.230769,0.342857,0.769231,0.936170,0.880000,0.593313,-0.342857
2,52,therioaphis maculata Buckton,156,0.981132,1.000000,0.990476,0.000000,26,0.363636,0.153846,0.216216,0.846154,78,0.272727,0.192308,0.225564,0.807692,0.774260,0.846154,0.764912,-0.009348
3,27,english grain aphid,392,0.970297,1.000000,0.984925,0.000000,65,0.396552,0.353846,0.373984,0.646154,197,0.419162,0.355330,0.384615,0.644670,0.610941,0.646154,0.600309,-0.010632
4,81,Nipaecoccus vastalor,59,1.000000,0.711864,0.831683,0.288136,10,0.285714,0.200000,0.235294,0.800000,30,0.461538,0.400000,0.428571,0.600000,0.596389,0.511864,0.403112,-0.193277
5,19,large cutworm,294,0.960656,0.996599,0.978297,0.003401,49,0.400000,0.367347,0.382979,0.632653,148,0.330935,0.310811,0.320557,0.689189,0.595318,0.629252,0.657740,0.062421
6,28,green bug,195,0.942029,1.000000,0.970149,0.000000,32,0.440000,0.343750,0.385965,0.656250,98,0.309278,0.306122,0.307692,0.693878,0.584184,0.656250,0.662457,0.078273
7,54,Thrips,527,0.917976,0.998102,0.956364,0.001898,88,0.383721,0.375000,0.379310,0.625000,264,0.411972,0.443182,0.427007,0.556818,0.577053,0.623102,0.529356,-0.047697
8,29,bird cherry-oataphid,424,0.938053,1.000000,0.968037,0.000000,71,0.382716,0.436620,0.407895,0.563380,213,0.383333,0.431925,0.406181,0.568075,0.560142,0.563380,0.561856,0.001714
9,57,Apolygus lucorum,228,0.991304,1.000000,0.995633,0.000000,38,0.560000,0.368421,0.444444,0.631579,115,0.566265,0.408696,0.474747,0.591304,0.551189,0.631579,0.520886,-0.030303
10,45,flax budworm,639,0.996880,1.000000,0.998437,0.000000,107,0.494505,0.420561,0.454545,0.579439,320,0.496032,0.390625,0.437063,0.609375,0.543892,0.579439,0.561375,0.017483
11,20,yellow cutworm,287,0.937705,0.996516,0.966216,0.003484,48,0.444444,0.416667,0.430108,0.583333,144,0.429630,0.402778,0.415771,0.597222,0.536109,0.579849,0.550446,0.014337
12,7,brown plant hopper,500,0.995992,0.994000,0.994995,0.006000,83,0.486842,0.445783,0.465409,0.554217,251,0.572687,0.517928,0.543933,0.482072,0.529586,0.548217,0.451062,-0.078524
13,46,alfalfa plant bug,393,1.000000,0.997455,0.998726,0.002545,66,0.508772,0.439394,0.471545,0.560606,197,0.527950,0.431472,0.474860,0.568528,0.527181,0.558062,0.523866,-0.003316
14,85,Bactrocera tsuneonis,100,1.000000,0.460000,0.630137,0.540000,17,1.000000,0.058824,0.111111,0.941176,51,0.555556,0.098039,0.166667,0.901961,0.519026,0.401176,0.463470,-0.055556
15,8,white backed plant hopper,535,0.990741,1.000000,0.995349,0.000000,90,0.451923,0.522222,0.484536,0.477778,268,0.533569,0.563433,0.548094,0.436567,0.510813,0.477778,0.447254,-0.063558
16,9,small brown plant hopper,331,0.990991,0.996979,0.993976,0.003021,56,0.543478,0.446429,0.490196,0.553571,166,0.521739,0.506024,0.513761,0.493976,0.503780,0.550550,0.480214,-0.023565
17,38,cabbage army worm,513,0.990347,1.000000,0.995150,0.000000,85,0.500000,0.505882,0.502924,0.494118,257,0.425856,0.435798,0.430769,0.564202,0.492226,0.494118,0.564381,0.072155
18,97,Chlumetia transversa,183,0.994565,1.000000,0.997275,0.000000,30,0.576923,0.500000,0.535714,0.500000,92,0.613636,0.586957,0.600000,0.413043,0.461561,0.500000,0.397275,-0.064286
19,36,beet fly,62,1.000000,0.532258,0.694737,0.467742,10,0.333333,0.200000,0.250000,0.800000,32,0.625000,0.156250,0.250000,0.843750,0.444737,0.332258,0.444737,0.000000
20,1,rice leaf caterpillar,292,0.989831,1.000000,0.994889,0.000000,48,0.615385,0.500000,0.551724,0.500000,147,0.548148,0.503401,0.524823,0.496599,0.443165,0.500000,0.470067,0.026901
21,35,cerodonta denticornis,82,1.000000,0.548780,0.708661,0.451220,13,1.000000,0.153846,0.266667,0.846154,42,0.647059,0.261905,0.372881,0.738095,0.441995,0.394934,0.335780,-0.106215
22,39,beet army worm,962,0.994829,1.000000,0.997408,0.000000,160,0.528090,0.587500,0.556213,0.412500,482,0.567515,0.601660,0.584089,0.398340,0.441195,0.412500,0.413319,-0.027876
23,13,rice shell pest,245,0.995935,1.000000,0.997963,0.000000,41,0.533333,0.585366,0.558140,0.414634,123,0.495327,0.430894,0.460870,0.569106,0.439824,0.414634,0.537094,0.097270
24,47,tarnished plant bug,492,1.000000,1.000000,1.000000,0.000000,82,0.626866,0.512195,0.563758,0.487805,246,0.642857,0.512195,0.570136,0.487805,0.436242,0.487805,0.429864,-0.006377
25,18,black cutworm,512,0.939450,1.000000,0.968780,0.000000,85,0.495327,0.623529,0.552083,0.376471,257,0.576923,0.642023,0.607735,0.357977,0.416696,0.376471,0.361045,-0.055651
26,49,lytta polita,392,1.000000,1.000000,1.000000,0.000000,65,0.631579,0.553846,0.590164,0.446154,197,0.627119,0.563452,0.593583,0.436548,0.409836,0.446154,0.406417,-0.003419
27,93,Dasineura sp,303,0.993443,1.000000,0.996711,0.000000,50,0.588235,0.600000,0.594059,0.400000,152,0.560241,0.611842,0.584906,0.388158,0.402651,0.400000,0.411805,0.009154
28,60,Colomerus vitis,105,1.000000,0.561905,0.719512,0.438095,18,0.666667,0.222222,0.333333,0.777778,53,0.750000,0.452830,0.564706,0.547170,0.386179,0.339683,0.154806,-0.231373
29,2,paddy stem maggot,156,0.861878,1.000000,0.925816,0.000000,26,0.517241,0.576923,0.545455,0.423077,79,0.562500,0.455696,0.503497,0.544304,0.380361,0.423077,0.422320,0.041958
30,91,Aphis citricola Vander Goot,210,0.905172,1.000000,0.950226,0.000000,35,0.588235,0.571429,0.579710,0.428571,106,0.613445,0.688679,0.648889,0.311321,0.370516,0.428571,0.301337,-0.069179
31,6,Rice Stemfly,221,0.924686,1.000000,0.960870,0.000000,37,0.545455,0.648649,0.592593,0.351351,111,0.620968,0.693694,0.655319,0.306306,0.368277,0.351351,0.305550,-0.062727
32,51,blister beetle,1138,0.991289,1.000000,0.995626,0.000000,189,0.634409,0.624339,0.629333,0.375661,570,0.699816,0.666667,0.682839,0.333333,0.366292,0.375661,0.312786,-0.053506
33,42,beet weevil,184,0.924623,1.000000,0.960836,0.000000,31,0.511628,0.709677,0.594595,0.290323,93,0.625000,0.645161,0.634921,0.354839,0.366241,0.290323,0.325915,-0.040326
34,72,Erythroneura apicalis,42,0.966667,0.690476,0.805556,0.309524,7,1.000000,0.285714,0.444444,0.714286,22,0.684211,0.590909,0.634146,0.409091,0.361111,0.404762,0.171409,-0.189702
35,86,Prodenia litura,782,0.989873,1.000000,0.994911,0.000000,130,0.626866,0.646154,0.636364,0.353846,392,0.656716,0.673469,0.664987,0.326531,0.358547,0.353846,0.329924,-0.028624
36,3,asiatic rice borer,631,0.998418,1.000000,0.999208,0.000000,106,0.647619,0.641509,0.644550,0.358491,316,0.575221,0.617089,0.595420,0.382911,0.354658,0.358491,0.403788,0.049130
37,12,grain spreader thrips,103,1.000000,0.427184,0.598639,0.572816,18,0.500000,0.166667,0.250000,0.833333,52,0.800000,0.307692,0.444444,0.692308,0.348639,0.260518,0.154195,-0.194444
38,44,alfalfa weevil,314,0.987421,1.000000,0.993671,0.000000,52,0.731707,0.576923,0.645161,0.423077,158,0.686131,0.594937,0.637288,0.405063,0.348510,0.423077,0.356383,0.007873
39,55,alfalfa seed chalcid,111,1.000000,0.729730,0.843750,0.270270,18,0.571429,0.444444,0.500000,0.555556,56,0.588235,0.357143,0.444444,0.642857,0.343750,0.285285,0.399306,0.055556
40,43,sericaorient alismots chulsky,114,1.000000,0.763158,0.865672,0.236842,19,1.000000,0.368421,0.538462,0.631579,58,0.846154,0.568966,0.680412,0.431034,0.327210,0.394737,0.185259,-0.141951
41,23,army worm,642,0.998445,1.000000,0.999222,0.000000,107,0.660714,0.691589,0.675799,0.308411,322,0.622896,0.574534,0.597738,0.425466,0.323423,0.308411,0.401484,0.078061
42,92,Scirtothrips dorsalis Hood,484,0.950884,1.000000,0.974824,0.000000,80,0.584158,0.737500,0.651934,0.262500,243,0.588235,0.740741,0.655738,0.259259,0.322890,0.262500,0.319086,-0.003804
43,65,parathrene regalis,84,1.000000,0.880952,0.936709,0.119048,14,0.666667,0.571429,0.615385,0.428571,42,0.740741,0.476190,0.579710,0.523810,0.321324,0.309524,0.356999,0.035674
44,84,Dacus dorsalis(Hendel),263,0.946043,1.000000,0.972274,0.000000,44,0.638298,0.681818,0.659341,0.318182,132,0.677852,0.765152,0.718861,0.234848,0.312933,0.318182,0.253412,-0.059521
45,22,corn borer,1018,0.999019,1.000000,0.999509,0.000000,170,0.710692,0.664706,0.686930,0.335294,510,0.689464,0.731373,0.709800,0.268627,0.312579,0.335294,0.289709,-0.022870
46,74,Panonchus citri McGregor,231,0.868421,1.000000,0.929577,0.000000,38,0.577778,0.684211,0.626506,0.315789,116,0.601449,0.715517,0.653543,0.284483,0.303071,0.315789,0.276034,-0.027037
47,21,red spider,317,0.883008,1.000000,0.937870,0.000000,53,0.547945,0.754717,0.634921,0.245283,159,0.581522,0.672956,0.623907,0.327044,0.302949,0.245283,0.313963,0.011014
48,11,rice leafhopper,242,1.000000,1.000000,1.000000,0.000000,40,0.729730,0.675000,0.701299,0.325000,122,0.563830,0.434426,0.490741,0.565574,0.298701,0.325000,0.509259,0.210558
49,50,legume blister beetle,845,0.991784,1.000000,0.995875,0.000000,141,0.697183,0.702128,0.699647,0.297872,423,0.727064,0.749409,0.738068,0.250591,0.296228,0.297872,0.257808,-0.038421
50,41,meadow moth,162,0.993865,1.000000,0.996923,0.000000,27,0.703704,0.703704,0.703704,0.296296,81,0.792208,0.753086,0.772152,0.246914,0.293219,0.296296,0.224771,-0.068448
51,40,Beet spot flies,179,0.899497,1.000000,0.947090,0.000000,30,0.617647,0.700000,0.656250,0.300000,90,0.620000,0.688889,0.652632,0.311111,0.290840,0.300000,0.294458,0.003618
52,99,Rhytidodera bowrinii white,333,0.991071,1.000000,0.995516,0.000000,55,0.782609,0.654545,0.712871,0.345455,167,0.751724,0.652695,0.698718,0.347305,0.282644,0.345455,0.296798,0.014153
53,4,yellow rice borer,302,0.996700,1.000000,0.998347,0.000000,50,0.744681,0.700000,0.721649,0.300000,152,0.637584,0.625000,0.631229,0.375000,0.276698,0.300000,0.367118,0.090420
54,26,peach borer,414,0.992806,1.000000,0.996390,0.000000,69,0.702703,0.753623,0.727273,0.246377,208,0.738739,0.788462,0.762791,0.211538,0.269117,0.246377,0.233599,-0.035518
55,33,wheat phloeothrips,175,0.833333,1.000000,0.909091,0.000000,29,0.583333,0.724138,0.646154,0.275862,88,0.528302,0.636364,0.577320,0.363636,0.262937,0.275862,0.331771,0.068834
56,34,wheat sawfly,203,0.990244,1.000000,0.995098,0.000000,34,0.846154,0.647059,0.733333,0.352941,102,0.797980,0.774510,0.786070,0.225490,0.261765,0.352941,0.209028,-0.052736
57,80,Parlatoria zizyphus Lucus,44,1.000000,0.863636,0.926829,0.136364,7,0.800000,0.571429,0.666667,0.428571,23,0.923077,0.521739,0.666667,0.478261,0.260163,0.292208,0.260163,-0.000000
58,64,Pseudococcus comstocki Kuwana,184,0.948454,1.000000,0.973545,0.000000,30,0.709677,0.733333,0.721311,0.266667,93,0.716049,0.623656,0.666667,0.376344,0.252233,0.266667,0.306878,0.054645
59,31,penthaleus major,139,0.991071,0.798561,0.884462,0.201439,24,0.764706,0.541667,0.634146,0.458333,70,0.775510,0.542857,0.638655,0.457143,0.250316,0.256894,0.245807,-0.004509
60,61,Brevipoalpus lewisi McGregor,47,1.000000,0.914894,0.955556,0.085106,8,0.833333,0.625000,0.714286,0.375000,24,0.818182,0.750000,0.782609,0.250000,0.241270,0.289894,0.172947,-0.068323
61,100,Sternochetus frigidus,274,0.961404,1.000000,0.980322,0.000000,46,0.739130,0.739130,0.739130,0.260870,138,0.690476,0.630435,0.659091,0.369565,0.241192,0.260870,0.321231,0.080040
62,10,rice water weevil,513,0.988439,1.000000,0.994186,0.000000,86,0.802632,0.709302,0.753086,0.290698,257,0.790598,0.719844,0.753564,0.280156,0.241100,0.290698,0.240622,-0.000478
63,59,Viteus vitifoliae,212,0.887029,1.000000,0.940133,0.000000,35,0.642857,0.771429,0.701299,0.228571,107,0.679245,0.672897,0.676056,0.327103,0.238834,0.228571,0.264077,0.025242
64,90,Toxoptera aurantii,135,0.982759,0.422222,0.590674,0.577778,23,0.545455,0.260870,0.352941,0.739130,68,0.689655,0.294118,0.412371,0.705882,0.237732,0.161353,0.178302,-0.059430
65,5,rice gall midge,303,0.983766,1.000000,0.991817,0.000000,51,0.787234,0.725490,0.755102,0.274510,152,0.724359,0.743421,0.733766,0.256579,0.236715,0.274510,0.258050,0.021336
66,87,Adristyrannus,186,1.000000,1.000000,1.000000,0.000000,31,0.793103,0.741935,0.766667,0.258065,94,0.673077,0.744681,0.707071,0.255319,0.233333,0.258065,0.292929,0.059596
67,69,Cicadella viridis,767,0.997399,1.000000,0.998698,0.000000,128,0.759398,0.789062,0.773946,0.210938,384,0.806122,0.822917,0.814433,0.177083,0.224752,0.210938,0.184265,-0.040487
68,24,aphids,2456,0.967310,1.000000,0.983383,0.000000,409,0.703320,0.828851,0.760943,0.171149,1229,0.701345,0.806347,0.750189,0.193653,0.222441,0.171149,0.233194,0.010754
69,0,rice leaf roller,669,0.994056,1.000000,0.997019,0.000000,111,0.745902,0.819820,0.781116,0.180180,335,0.659091,0.779104,0.714090,0.220896,0.215903,0.180180,0.282929,0.067026
70,83,Tetradacus c Bactrocera minax,232,0.846715,1.000000,0.916996,0.000000,39,0.615385,0.820513,0.703297,0.179487,117,0.676471,0.786325,0.727273,0.213675,0.213699,0.179487,0.189723,-0.023976
71,76,Icerya purchasi Maskell,433,0.986333,1.000000,0.993119,0.000000,72,0.780822,0.791667,0.786207,0.208333,217,0.786667,0.815668,0.800905,0.184332,0.206912,0.208333,0.192214,-0.014698
72,88,Phyllocnistis citrella Stainton,242,0.995885,1.000000,0.997938,0.000000,40,0.857143,0.750000,0.800000,0.250000,122,0.811966,0.778689,0.794979,0.221311,0.197938,0.250000,0.202959,0.005021
73,66,Ampelophaga,458,1.000000,1.000000,1.000000,0.000000,76,0.802632,0.802632,0.802632,0.197368,230,0.824074,0.773913,0.798206,0.226087,0.197368,0.197368,0.201794,0.004425
74,79,Chrysomphalus aonidum,135,1.000000,0.837037,0.911290,0.162963,22,0.823529,0.636364,0.717949,0.363636,68,0.860000,0.632353,0.728814,0.367647,0.193342,0.200673,0.182477,-0.010865
75,71,Trialeurodes vaporariorum,415,0.990453,1.000000,0.995204,0.000000,69,0.773333,0.840580,0.805556,0.159420,208,0.776316,0.850962,0.811927,0.149038,0.189648,0.159420,0.183277,-0.006371
76,70,Miridae,3048,0.996403,0.999672,0.998035,0.000328,508,0.785586,0.858268,0.820320,0.141732,1525,0.776764,0.837377,0.805932,0.162623,0.177715,0.141404,0.192102,0.014387
77,94,Lawana imitata Melichar,346,0.994253,1.000000,0.997118,0.000000,58,0.781250,0.862069,0.819672,0.137931,174,0.784530,0.816092,0.800000,0.183908,0.177446,0.137931,0.197118,0.019672
78,77,Unaspis yanonensis,251,0.943609,1.000000,0.970986,0.000000,42,0.790698,0.809524,0.800000,0.190476,126,0.709924,0.738095,0.723735,0.261905,0.170986,0.190476,0.247251,0.076265
79,75,Phyllocoptes oleiverus ashmead,103,1.000000,0.941748,0.970000,0.058252,17,0.923077,0.705882,0.800000,0.294118,52,0.861111,0.596154,0.704545,0.403846,0.170000,0.235865,0.265455,0.095455
80,16,wireworm,532,0.992537,1.000000,0.996255,0.000000,88,0.785714,0.875000,0.827957,0.125000,267,0.775862,0.842697,0.807899,0.157303,0.168298,0.125000,0.188355,0.020058
81,78,Ceroplastes rubens,154,0.980892,1.000000,0.990354,0.000000,26,0.840000,0.807692,0.823529,0.192308,78,0.772727,0.871795,0.819277,0.128205,0.166824,0.192308,0.171077,0.004252
82,53,odontothrips loti,106,1.000000,0.641509,0.781609,0.358491,17,0.888889,0.470588,0.615385,0.529412,54,0.760000,0.351852,0.481013,0.648148,0.166225,0.170921,0.300597,0.134372
83,89,Toxoptera citricidus,113,1.000000,0.460177,0.630303,0.539823,19,0.636364,0.368421,0.466667,0.631579,57,0.687500,0.192982,0.301370,0.807018,0.163636,0.091756,0.328933,0.165297
84,68,Xylotrechus,690,0.995671,1.000000,0.997831,0.000000,115,0.842105,0.834783,0.838428,0.165217,345,0.845272,0.855072,0.850144,0.144928,0.159403,0.165217,0.147687,-0.011716
85,95,Salurnis marginella Guerr,292,1.000000,1.000000,1.000000,0.000000,48,0.904762,0.791667,0.844444,0.208333,147,0.802632,0.829932,0.816054,0.170068,0.155556,0.208333,0.183946,0.028391
86,14,grub,516,0.982857,1.000000,0.991354,0.000000,86,0.829545,0.848837,0.839080,0.151163,258,0.823105,0.883721,0.852336,0.116279,0.152274,0.151163,0.139018,-0.013256
87,30,wheat blossom midge,291,1.000000,1.000000,1.000000,0.000000,48,0.854167,0.854167,0.854167,0.145833,146,0.876543,0.972603,0.922078,0.027397,0.145833,0.145833,0.077922,-0.067911
88,82,Aleurocanthus spiniferus,414,0.988067,1.000000,0.993998,0.000000,68,0.813333,0.897059,0.853147,0.102941,208,0.882075,0.899038,0.890476,0.100962,0.140851,0.102941,0.103521,-0.037329
89,67,Lycorma delicatula,3186,0.997182,0.999686,0.998433,0.000314,530,0.859813,0.867925,0.863850,0.132075,1594,0.864449,0.880176,0.872241,0.119824,0.134583,0.131762,0.126191,-0.008391
90,37,flea beetle,473,0.983368,1.000000,0.991614,0.000000,79,0.833333,0.886076,0.858896,0.113924,237,0.821862,0.856540,0.838843,0.143460,0.132719,0.113924,0.152771,0.020053
91,48,Locustoidea,836,0.997613,1.000000,0.998805,0.000000,139,0.881481,0.856115,0.868613,0.143885,419,0.895238,0.897375,0.896305,0.102625,0.130192,0.143885,0.102500,-0.027692
92,101,Cicadellidae,3444,0.991357,0.999129,0.995228,0.000871,573,0.863176,0.891798,0.877253,0.108202,1723,0.852696,0.890308,0.871096,0.109692,0.117975,0.107331,0.124132,0.006157
93,96,Deporaus marginatus Pascoe,126,1.000000,0.658730,0.794258,0.341270,21,0.857143,0.571429,0.685714,0.428571,63,0.809524,0.539683,0.647619,0.460317,0.108544,0.087302,0.146639,0.038095
94,25,Potosiabre vitarsis,339,0.976945,1.000000,0.988338,0.000000,56,0.892857,0.892857,0.892857,0.107143,170,0.914634,0.882353,0.898204,0.117647,0.095481,0.107143,0.090135,-0.005346
95,58,Limacodidae,840,1.000000,1.000000,1.000000,0.000000,139,0.945312,0.870504,0.906367,0.129496,421,0.924757,0.904988,0.914766,0.095012,0.093633,0.129496,0.085234,-0.008399
96,98,Mango flat beak leafhopper,55,0.973684,0.672727,0.795699,0.327273,10,0.857143,0.600000,0.705882,0.400000,28,0.818182,0.321429,0.461538,0.678571,0.089817,0.072727,0.334160,0.244344
97,32,longlegged spider mite,147,0.967213,0.401361,0.567308,0.598639,24,1.000000,0.333333,0.500000,0.666667,74,0.714286,0.270270,0.392157,0.729730,0.067308,0.068027,0.175151,0.107843
98,62,oides decempunctata,169,1.000000,1.000000,1.000000,0.000000,29,0.964286,0.931034,0.947368,0.068966,85,0.942529,0.964706,0.953488,0.035294,0.052632,0.068966,0.046512,-0.006120
99,73,Papilio xuthus,269,1.000000,1.000000,1.000000,0.000000,45,0.977273,0.955556,0.966292,0.044444,135,0.929078,0.970370,0.949275,0.029630,0.033708,0.044444,0.050725,0.017017
100,15,mole cricket,989,0.997982,1.000000,0.998990,0.000000,165,0.947674,0.987879,0.967359,0.012121,495,0.924710,0.967677,0.945706,0.032323,0.031631,0.012121,0.053284,0.021653
101,56,Pieris canidia,281,0.996454,1.000000,0.998224,0.000000,47,0.940000,1.000000,0.969072,0.000000,141,0.935252,0.921986,0.928571,0.078014,0.029152,0.000000,0.069652,0.040501
102,17,white margined moth,88,1.000000,0.125000,0.222222,0.875000,14,1.000000,0.142857,0.250000,0.857143,45,0.750000,0.200000,0.315789,0.800000,-0.027778,-0.017857,-0.093567,-0.065789
