error_contribution_rank,split,label,insect_name,support,false_negative,error_rate,precision,recall,f1_score,top1_wrong_class,top1_wrong_count,top1_wrong_rate,error_share,cumulative_errors,cumulative_error_share
1,train,32,longlegged spider mite,147,88,0.598639,0.967213,0.401361,0.567308,red spider,37,0.251701,0.108642,88,0.108642
2,train,90,Toxoptera aurantii,135,78,0.577778,0.982759,0.422222,0.590674,aphids,29,0.214815,0.096296,166,0.204938
3,train,17,white margined moth,88,77,0.875000,1.000000,0.125000,0.222222,black cutworm,33,0.375000,0.095062,243,0.300000
4,train,89,Toxoptera citricidus,113,61,0.539823,1.000000,0.460177,0.630303,aphids,41,0.362832,0.075309,304,0.375309
5,train,12,grain spreader thrips,103,59,0.572816,1.000000,0.427184,0.598639,wheat phloeothrips,22,0.213592,0.072840,363,0.448148
6,train,85,Bactrocera tsuneonis,100,54,0.540000,1.000000,0.460000,0.630137,Tetradacus c Bactrocera minax,42,0.420000,0.066667,417,0.514815
7,train,60,Colomerus vitis,105,46,0.438095,1.000000,0.561905,0.719512,Viteus vitifoliae,26,0.247619,0.056790,463,0.571605
8,train,96,Deporaus marginatus Pascoe,126,43,0.341270,1.000000,0.658730,0.794258,beet weevil,15,0.119048,0.053086,506,0.624691
9,train,53,odontothrips loti,106,38,0.358491,1.000000,0.641509,0.781609,Thrips,15,0.141509,0.046914,544,0.671605
10,train,35,cerodonta denticornis,82,37,0.451220,1.000000,0.548780,0.708661,Rice Stemfly,17,0.207317,0.045679,581,0.717284
11,train,55,alfalfa seed chalcid,111,30,0.270270,1.000000,0.729730,0.843750,Miridae,6,0.054054,0.037037,611,0.754321
12,train,36,beet fly,62,29,0.467742,1.000000,0.532258,0.694737,Beet spot flies,14,0.225806,0.035802,640,0.790123
13,train,31,penthaleus major,139,28,0.201439,0.991071,0.798561,0.884462,Panonchus citri McGregor,7,0.050360,0.034568,668,0.824691
14,train,43,sericaorient alismots chulsky,114,27,0.236842,1.000000,0.763158,0.865672,Potosiabre vitarsis,8,0.070175,0.033333,695,0.858025
15,train,79,Chrysomphalus aonidum,135,22,0.162963,1.000000,0.837037,0.911290,Unaspis yanonensis,12,0.088889,0.027160,717,0.885185
16,train,98,Mango flat beak leafhopper,55,18,0.327273,0.973684,0.672727,0.795699,Cicadellidae,16,0.290909,0.022222,735,0.907407
17,train,81,Nipaecoccus vastalor,59,17,0.288136,1.000000,0.711864,0.831683,Pseudococcus comstocki Kuwana,10,0.169492,0.020988,752,0.928395
18,train,72,Erythroneura apicalis,42,13,0.309524,0.966667,0.690476,0.805556,Cicadellidae,13,0.309524,0.016049,765,0.944444
19,train,65,parathrene regalis,84,10,0.119048,1.000000,0.880952,0.936709,peach borer,3,0.035714,0.012346,775,0.956790
20,train,80,Parlatoria zizyphus Lucus,44,6,0.136364,1.000000,0.863636,0.926829,Aleurocanthus spiniferus,4,0.090909,0.007407,781,0.964198
21,train,63,Polyphagotars onemus latus,50,6,0.120000,1.000000,0.880000,0.936170,Scirtothrips dorsalis Hood,3,0.060000,0.007407,787,0.971605
22,train,75,Phyllocoptes oleiverus ashmead,103,6,0.058252,1.000000,0.941748,0.970000,Trialeurodes vaporariorum,2,0.019417,0.007407,793,0.979012
23,train,61,Brevipoalpus lewisi McGregor,47,4,0.085106,1.000000,0.914894,0.955556,Panonchus citri McGregor,3,0.063830,0.004938,797,0.983951
24,train,7,brown plant hopper,500,3,0.006000,0.995992,0.994000,0.994995,small brown plant hopper,2,0.004000,0.003704,800,0.987654
25,train,101,Cicadellidae,3444,3,0.000871,0.991357,0.999129,0.995228,brown plant hopper,1,0.000290,0.003704,803,0.991358
26,train,20,yellow cutworm,287,1,0.003484,0.937705,0.996516,0.966216,large cutworm,1,0.003484,0.001235,804,0.992593
27,train,19,large cutworm,294,1,0.003401,0.960656,0.996599,0.978297,army worm,1,0.003401,0.001235,805,0.993827
28,train,9,small brown plant hopper,331,1,0.003021,0.990991,0.996979,0.993976,brown plant hopper,1,0.003021,0.001235,806,0.995062
29,train,46,alfalfa plant bug,393,1,0.002545,1.000000,0.997455,0.998726,therioaphis maculata Buckton,1,0.002545,0.001235,807,0.996296
30,train,54,Thrips,527,1,0.001898,0.917976,0.998102,0.956364,wheat phloeothrips,1,0.001898,0.001235,808,0.997531
31,train,70,Miridae,3048,1,0.000328,0.996403,0.999672,0.998035,Apolygus lucorum,1,0.000328,0.001235,809,0.998765
32,train,67,Lycorma delicatula,3186,1,0.000314,0.997182,0.999686,0.998433,Prodenia litura,1,0.000314,0.001235,810,1.000000
33,train,24,aphids,2456,0,0.000000,0.967310,1.000000,0.983383,,0,0.000000,0.000000,810,1.000000
34,train,51,blister beetle,1138,0,0.000000,0.991289,1.000000,0.995626,,0,0.000000,0.000000,810,1.000000
35,train,22,corn borer,1018,0,0.000000,0.999019,1.000000,0.999509,,0,0.000000,0.000000,810,1.000000
36,train,15,mole cricket,989,0,0.000000,0.997982,1.000000,0.998990,,0,0.000000,0.000000,810,1.000000
37,train,39,beet army worm,962,0,0.000000,0.994829,1.000000,0.997408,,0,0.000000,0.000000,810,1.000000
38,train,50,legume blister beetle,845,0,0.000000,0.991784,1.000000,0.995875,,0,0.000000,0.000000,810,1.000000
39,train,58,Limacodidae,840,0,0.000000,1.000000,1.000000,1.000000,,0,0.000000,0.000000,810,1.000000
40,train,48,Locustoidea,836,0,0.000000,0.997613,1.000000,0.998805,,0,0.000000,0.000000,810,1.000000
41,train,86,Prodenia litura,782,0,0.000000,0.989873,1.000000,0.994911,,0,0.000000,0.000000,810,1.000000
42,train,69,Cicadella viridis,767,0,0.000000,0.997399,1.000000,0.998698,,0,0.000000,0.000000,810,1.000000
43,train,68,Xylotrechus,690,0,0.000000,0.995671,1.000000,0.997831,,0,0.000000,0.000000,810,1.000000
44,train,0,rice leaf roller,669,0,0.000000,0.994056,1.000000,0.997019,,0,0.000000,0.000000,810,1.000000
45,train,23,army worm,642,0,0.000000,0.998445,1.000000,0.999222,,0,0.000000,0.000000,810,1.000000
46,train,45,flax budworm,639,0,0.000000,0.996880,1.000000,0.998437,,0,0.000000,0.000000,810,1.000000
47,train,3,asiatic rice borer,631,0,0.000000,0.998418,1.000000,0.999208,,0,0.000000,0.000000,810,1.000000
48,train,8,white backed plant hopper,535,0,0.000000,0.990741,1.000000,0.995349,,0,0.000000,0.000000,810,1.000000
49,train,16,wireworm,532,0,0.000000,0.992537,1.000000,0.996255,,0,0.000000,0.000000,810,1.000000
50,train,14,grub,516,0,0.000000,0.982857,1.000000,0.991354,,0,0.000000,0.000000,810,1.000000
51,train,10,rice water weevil,513,0,0.000000,0.988439,1.000000,0.994186,,0,0.000000,0.000000,810,1.000000
52,train,38,cabbage army worm,513,0,0.000000,0.990347,1.000000,0.995150,,0,0.000000,0.000000,810,1.000000
53,train,18,black cutworm,512,0,0.000000,0.939450,1.000000,0.968780,,0,0.000000,0.000000,810,1.000000
54,train,47,tarnished plant bug,492,0,0.000000,1.000000,1.000000,1.000000,,0,0.000000,0.000000,810,1.000000
55,train,92,Scirtothrips dorsalis Hood,484,0,0.000000,0.950884,1.000000,0.974824,,0,0.000000,0.000000,810,1.000000
56,train,37,flea beetle,473,0,0.000000,0.983368,1.000000,0.991614,,0,0.000000,0.000000,810,1.000000
57,train,66,Ampelophaga,458,0,0.000000,1.000000,1.000000,1.000000,,0,0.000000,0.000000,810,1.000000
58,train,76,Icerya purchasi Maskell,433,0,0.000000,0.986333,1.000000,0.993119,,0,0.000000,0.000000,810,1.000000
59,train,29,bird cherry-oataphid,424,0,0.000000,0.938053,1.000000,0.968037,,0,0.000000,0.000000,810,1.000000
60,train,71,Trialeurodes vaporariorum,415,0,0.000000,0.990453,1.000000,0.995204,,0,0.000000,0.000000,810,1.000000
61,train,82,Aleurocanthus spiniferus,414,0,0.000000,0.988067,1.000000,0.993998,,0,0.000000,0.000000,810,1.000000
62,train,26,peach borer,414,0,0.000000,0.992806,1.000000,0.996390,,0,0.000000,0.000000,810,1.000000
63,train,27,english grain aphid,392,0,0.000000,0.970297,1.000000,0.984925,,0,0.000000,0.000000,810,1.000000
64,train,49,lytta polita,392,0,0.000000,1.000000,1.000000,1.000000,,0,0.000000,0.000000,810,1.000000
65,train,94,Lawana imitata Melichar,346,0,0.000000,0.994253,1.000000,0.997118,,0,0.000000,0.000000,810,1.000000
66,train,25,Potosiabre vitarsis,339,0,0.000000,0.976945,1.000000,0.988338,,0,0.000000,0.000000,810,1.000000
67,train,99,Rhytidodera bowrinii white,333,0,0.000000,0.991071,1.000000,0.995516,,0,0.000000,0.000000,810,1.000000
68,train,21,red spider,317,0,0.000000,0.883008,1.000000,0.937870,,0,0.000000,0.000000,810,1.000000
69,train,44,alfalfa weevil,314,0,0.000000,0.987421,1.000000,0.993671,,0,0.000000,0.000000,810,1.000000
70,train,5,rice gall midge,303,0,0.000000,0.983766,1.000000,0.991817,,0,0.000000,0.000000,810,1.000000
71,train,93,Dasineura sp,303,0,0.000000,0.993443,1.000000,0.996711,,0,0.000000,0.000000,810,1.000000
72,train,4,yellow rice borer,302,0,0.000000,0.996700,1.000000,0.998347,,0,0.000000,0.000000,810,1.000000
73,train,1,rice leaf caterpillar,292,0,0.000000,0.989831,1.000000,0.994889,,0,0.000000,0.000000,810,1.000000
74,train,95,Salurnis marginella Guerr,292,0,0.000000,1.000000,1.000000,1.000000,,0,0.000000,0.000000,810,1.000000
75,train,30,wheat blossom midge,291,0,0.000000,1.000000,1.000000,1.000000,,0,0.000000,0.000000,810,1.000000
76,train,56,Pieris canidia,281,0,0.000000,0.996454,1.000000,0.998224,,0,0.000000,0.000000,810,1.000000
77,train,100,Sternochetus frigidus,274,0,0.000000,0.961404,1.000000,0.980322,,0,0.000000,0.000000,810,1.000000
78,train,73,Papilio xuthus,269,0,0.000000,1.000000,1.000000,1.000000,,0,0.000000,0.000000,810,1.000000
79,train,84,Dacus dorsalis(Hendel),263,0,0.000000,0.946043,1.000000,0.972274,,0,0.000000,0.000000,810,1.000000
80,train,77,Unaspis yanonensis,251,0,0.000000,0.943609,1.000000,0.970986,,0,0.000000,0.000000,810,1.000000
81,train,13,rice shell pest,245,0,0.000000,0.995935,1.000000,0.997963,,0,0.000000,0.000000,810,1.000000
82,train,88,Phyllocnistis citrella Stainton,242,0,0.000000,0.995885,1.000000,0.997938,,0,0.000000,0.000000,810,1.000000
83,train,11,rice leafhopper,242,0,0.000000,1.000000,1.000000,1.000000,,0,0.000000,0.000000,810,1.000000
84,train,83,Tetradacus c Bactrocera minax,232,0,0.000000,0.846715,1.000000,0.916996,,0,0.000000,0.000000,810,1.000000
85,train,74,Panonchus citri McGregor,231,0,0.000000,0.868421,1.000000,0.929577,,0,0.000000,0.000000,810,1.000000
86,train,57,Apolygus lucorum,228,0,0.000000,0.991304,1.000000,0.995633,,0,0.000000,0.000000,810,1.000000
87,train,6,Rice Stemfly,221,0,0.000000,0.924686,1.000000,0.960870,,0,0.000000,0.000000,810,1.000000
88,train,59,Viteus vitifoliae,212,0,0.000000,0.887029,1.000000,0.940133,,0,0.000000,0.000000,810,1.000000
89,train,91,Aphis citricola Vander Goot,210,0,0.000000,0.905172,1.000000,0.950226,,0,0.000000,0.000000,810,1.000000
90,train,34,wheat sawfly,203,0,0.000000,0.990244,1.000000,0.995098,,0,0.000000,0.000000,810,1.000000
91,train,28,green bug,195,0,0.000000,0.942029,1.000000,0.970149,,0,0.000000,0.000000,810,1.000000
92,train,87,Adristyrannus,186,0,0.000000,1.000000,1.000000,1.000000,,0,0.000000,0.000000,810,1.000000
93,train,42,beet weevil,184,0,0.000000,0.924623,1.000000,0.960836,,0,0.000000,0.000000,810,1.000000
94,train,64,Pseudococcus comstocki Kuwana,184,0,0.000000,0.948454,1.000000,0.973545,,0,0.000000,0.000000,810,1.000000
95,train,97,Chlumetia transversa,183,0,0.000000,0.994565,1.000000,0.997275,,0,0.000000,0.000000,810,1.000000
96,train,40,Beet spot flies,179,0,0.000000,0.899497,1.000000,0.947090,,0,0.000000,0.000000,810,1.000000
97,train,33,wheat phloeothrips,175,0,0.000000,0.833333,1.000000,0.909091,,0,0.000000,0.000000,810,1.000000
98,train,62,oides decempunctata,169,0,0.000000,1.000000,1.000000,1.000000,,0,0.000000,0.000000,810,1.000000
99,train,41,meadow moth,162,0,0.000000,0.993865,1.000000,0.996923,,0,0.000000,0.000000,810,1.000000
100,train,2,paddy stem maggot,156,0,0.000000,0.861878,1.000000,0.925816,,0,0.000000,0.000000,810,1.000000
101,train,52,therioaphis maculata Buckton,156,0,0.000000,0.981132,1.000000,0.990476,,0,0.000000,0.000000,810,1.000000
102,train,78,Ceroplastes rubens,154,0,0.000000,0.980892,1.000000,0.990354,,0,0.000000,0.000000,810,1.000000
